timeStamp,elapsed,label,responseCode,responseMessage,threadName,dataType,success,failureMessage,bytes,sentBytes,grpThreads,allThreads,URL,Latency,IdleTime,Connect
1685525002547,432,Admin Login,200,OK,Thread Group 1-2,text,true,,593,312,4,4,https://dmoney.roadtocareer.net/user/login,426,0,388
1685525002791,192,Admin Login,200,OK,Thread Group 1-3,text,true,,593,312,4,4,https://dmoney.roadtocareer.net/user/login,192,0,144
1685525002431,552,Admin Login,200,OK,Thread Group 1-1,text,true,,593,312,4,4,https://dmoney.roadtocareer.net/user/login,552,0,514
1685525003044,43,Admin Login,200,OK,Thread Group 1-4,text,true,,593,312,4,4,https://dmoney.roadtocareer.net/user/login,43,0,27
1685525004055,33,Create Agent,201,Created,Thread Group 1-3,text,true,,610,613,4,4,https://dmoney.roadtocareer.net/user/create,33,0,0
1685525004055,32,Create Agent,201,Created,Thread Group 1-1,text,true,,610,613,4,4,https://dmoney.roadtocareer.net/user/create,32,0,0
1685525004055,37,Create Agent,201,Created,Thread Group 1-2,text,true,,610,613,4,4,https://dmoney.roadtocareer.net/user/create,37,0,0
1685525004101,23,Create Agent,201,Created,Thread Group 1-4,text,true,,610,613,4,4,https://dmoney.roadtocareer.net/user/create,23,0,0
1685525005095,34,Create Customer 1,201,Created,Thread Group 1-3,text,true,,619,629,4,4,https://dmoney.roadtocareer.net/user/create,34,0,0
1685525005095,34,Create Customer 1,201,Created,Thread Group 1-2,text,true,,619,629,4,4,https://dmoney.roadtocareer.net/user/create,34,0,0
1685525005095,35,Create Customer 1,201,Created,Thread Group 1-1,text,true,,619,629,4,4,https://dmoney.roadtocareer.net/user/create,35,0,0
1685525005127,23,Create Customer 1,201,Created,Thread Group 1-4,text,true,,619,629,4,4,https://dmoney.roadtocareer.net/user/create,23,0,0
1685525006143,30,Create Customer 2,201,Created,Thread Group 1-2,text,true,,619,629,4,4,https://dmoney.roadtocareer.net/user/create,30,0,0
1685525006143,30,Create Customer 2,201,Created,Thread Group 1-1,text,true,,619,629,4,4,https://dmoney.roadtocareer.net/user/create,30,0,0
1685525006144,31,Create Customer 2,201,Created,Thread Group 1-3,text,true,,619,629,4,4,https://dmoney.roadtocareer.net/user/create,31,0,0
1685525006158,27,Create Customer 2,201,Created,Thread Group 1-4,text,true,,619,629,4,4,https://dmoney.roadtocareer.net/user/create,27,0,0
1685525007182,63,Deposit to Agent,201,Created,Thread Group 1-3,text,true,,443,529,4,4,https://dmoney.roadtocareer.net/transaction/deposit,63,0,0
1685525007182,63,Deposit to Agent,201,Created,Thread Group 1-1,text,true,,442,529,4,4,https://dmoney.roadtocareer.net/transaction/deposit,63,0,0
1685525007182,66,Deposit to Agent,201,Created,Thread Group 1-2,text,true,,443,529,4,4,https://dmoney.roadtocareer.net/transaction/deposit,66,0,0
1685525007198,50,Deposit to Agent,201,Created,Thread Group 1-4,text,true,,443,529,4,4,https://dmoney.roadtocareer.net/transaction/deposit,50,0,0
1685525008258,62,Agent deposit to Customer,201,Created,Thread Group 1-2,text,true,,437,535,4,4,https://dmoney.roadtocareer.net/transaction/deposit,62,0,0
1685525008258,66,Agent deposit to Customer,201,Created,Thread Group 1-3,text,true,,437,535,4,4,https://dmoney.roadtocareer.net/transaction/deposit,65,0,0
1685525008258,68,Agent deposit to Customer,201,Created,Thread Group 1-4,text,true,,437,535,4,4,https://dmoney.roadtocareer.net/transaction/deposit,68,0,0
1685525008258,68,Agent deposit to Customer,201,Created,Thread Group 1-1,text,true,,437,535,4,4,https://dmoney.roadtocareer.net/transaction/deposit,68,0,0
1685525009323,44,Withdraw Amount,201,Created,Thread Group 1-2,text,true,,429,534,4,4,https://dmoney.roadtocareer.net/transaction/withdraw,43,0,0
1685525009339,42,Withdraw Amount,201,Created,Thread Group 1-4,text,true,,429,534,4,4,https://dmoney.roadtocareer.net/transaction/withdraw,42,0,0
1685525009339,42,Withdraw Amount,201,Created,Thread Group 1-1,text,true,,427,534,4,4,https://dmoney.roadtocareer.net/transaction/withdraw,42,0,0
1685525009339,44,Withdraw Amount,201,Created,Thread Group 1-3,text,true,,429,534,4,4,https://dmoney.roadtocareer.net/transaction/withdraw,44,0,0
1685525010381,48,Payment to Merchant,201,Created,Thread Group 1-2,text,true,,428,533,4,4,https://dmoney.roadtocareer.net/transaction/payment,48,0,0
1685525010397,43,Payment to Merchant,201,Created,Thread Group 1-4,text,true,,427,533,4,4,https://dmoney.roadtocareer.net/transaction/payment,43,0,0
1685525010397,45,Payment to Merchant,201,Created,Thread Group 1-3,text,true,,428,533,4,4,https://dmoney.roadtocareer.net/transaction/payment,45,0,0
1685525010397,46,Payment to Merchant,201,Created,Thread Group 1-1,text,true,,428,533,4,4,https://dmoney.roadtocareer.net/transaction/payment,46,0,0
1685525011440,24,Customer 1 Balance Check,200,OK,Thread Group 1-4,text,true,,376,506,4,4,https://dmoney.roadtocareer.net/transaction/balance/01828360880,24,0,0
1685525011440,24,Customer 1 Balance Check,200,OK,Thread Group 1-2,text,true,,376,506,4,4,https://dmoney.roadtocareer.net/transaction/balance/01828347898,24,0,0
1685525011456,14,Customer 1 Balance Check,200,OK,Thread Group 1-1,text,true,,376,506,2,2,https://dmoney.roadtocareer.net/transaction/balance/01828383650,14,0,0
1685525011456,21,Customer 1 Balance Check,200,OK,Thread Group 1-3,text,true,,376,506,1,1,https://dmoney.roadtocareer.net/transaction/balance/01828320465,20,0,0
